id,role,username,password
55,patient,P_55,P1
942,patient,P_942,P2
1517,patient,P_1517,P3
1923,patient,P_1923,P4
2660,patient,P_2660,P5
3636,patient,P_3636,P6
3863,patient,P_3863,P7
4161,patient,P_4161,P8
4172,patient,P_4172,P9
4923,patient,P_4923,P10
5027,patient,P_5027,P11
5036,patient,P_5036,P12
5178,patient,P_5178,P13
5645,patient,P_5645,P14
5742,patient,P_5742,P15
6054,patient,P_6054,P16
6211,patient,P_6211,P17
6420,patient,P_6420,P18
7051,patient,P_7051,P19
7117,patient,P_7117,P20
7151,patient,P_7151,P21
7265,patient,P_7265,P22
7508,patient,P_7508,P23
7568,patient,P_7568,P24
7832,patient,P_7832,P25
7886,patient,P_7886,P26
8344,patient,P_8344,P27
8699,patient,P_8699,P28
10053,patient,P_10053,P29
10138,patient,P_10138,P30
10174,patient,P_10174,P31
10541,patient,P_10541,P32
10715,patient,P_10715,P33
10718,patient,P_10718,P34
11459,patient,P_11459,P35
11686,patient,P_11686,P36
11928,patient,P_11928,P37
12516,patient,P_12516,P38
12636,patient,P_12636,P39
12703,patient,P_12703,P40
12755,patient,P_12755,P41
12931,patient,P_12931,P42
13360,patient,P_13360,P43
13368,patient,P_13368,P44
13618,patient,P_13618,P45
13804,patient,P_13804,P46
13852,patient,P_13852,P47
13968,patient,P_13968,P48
14035,patient,P_14035,P49
14124,patient,P_14124,P50
14242,patient,P_14242,P51
14270,patient,P_14270,P52
14344,patient,P_14344,P53
14450,patient,P_14450,P54
14811,patient,P_14811,P55
15009,patient,P_15009,P56
15245,patient,P_15245,P57
15504,patient,P_15504,P58
15590,patient,P_15590,P59
16238,patient,P_16238,P60
16347,patient,P_16347,P61
16566,patient,P_16566,P62
16574,patient,P_16574,P63
16778,patient,P_16778,P64
16931,patient,P_16931,P65
17154,patient,P_17154,P66
17201,patient,P_17201,P67
17414,patient,P_17414,P68
17727,patient,P_17727,P69
18183,patient,P_18183,P70
18204,patient,P_18204,P71
18553,patient,P_18553,P72
18560,patient,P_18560,P73
19088,patient,P_19088,P74
20212,patient,P_20212,P75
20216,patient,P_20216,P76
20352,patient,P_20352,P77
20404,patient,P_20404,P78
20460,patient,P_20460,P79
20581,patient,P_20581,P80
20664,patient,P_20664,P81
20707,patient,P_20707,P82
20791,patient,P_20791,P83
20792,patient,P_20792,P84
21126,patient,P_21126,P85
21537,patient,P_21537,P86
21729,patient,P_21729,P87
22126,patient,P_22126,P88
22623,patient,P_22623,P89
23175,patient,P_23175,P90
23192,patient,P_23192,P91
23244,patient,P_23244,P92
23391,patient,P_23391,P93
23636,patient,P_23636,P94
24278,patient,P_24278,P95
24690,patient,P_24690,P96
24818,patient,P_24818,P97
24820,patient,P_24820,P98
24911,patient,P_24911,P99
25562,patient,P_25562,P100
25739,patient,P_25739,P101
25750,patient,P_25750,P102
25827,patient,P_25827,P103
25911,patient,P_25911,P104
26005,patient,P_26005,P105
26104,patient,P_26104,P106
26210,patient,P_26210,P107
26809,patient,P_26809,P108
27079,patient,P_27079,P109
27300,patient,P_27300,P110
27464,patient,P_27464,P111
27468,patient,P_27468,P112
27607,patient,P_27607,P113
27715,patient,P_27715,P114
27872,patient,P_27872,P115
27893,patient,P_27893,P116
27971,patient,P_27971,P117
27987,patient,P_27987,P118
28327,patient,P_28327,P119
28342,patient,P_28342,P120
28818,patient,P_28818,P121
29313,patient,P_29313,P122
29417,patient,P_29417,P123
30119,patient,P_30119,P124
30155,patient,P_30155,P125
30416,patient,P_30416,P126
30894,patient,P_30894,P127
30951,patient,P_30951,P128
31121,patient,P_31121,P129
31154,patient,P_31154,P130
31270,patient,P_31270,P131
31693,patient,P_31693,P132
33108,patient,P_33108,P133
33548,patient,P_33548,P134
33558,patient,P_33558,P135
34182,patient,P_34182,P136
35231,patient,P_35231,P137
35465,patient,P_35465,P138
35477,patient,P_35477,P139
35675,patient,P_35675,P140
35696,patient,P_35696,P141
36797,patient,P_36797,P142
37220,patient,P_37220,P143
37312,patient,P_37312,P144
37566,patient,P_37566,P145
38419,patient,P_38419,P146
39144,patient,P_39144,P147
39719,patient,P_39719,P148
40022,patient,P_40022,P149
40200,patient,P_40200,P150
40340,patient,P_40340,P151
40650,patient,P_40650,P152
40751,patient,P_40751,P153
40798,patient,P_40798,P154
40874,patient,P_40874,P155
40876,patient,P_40876,P156
40967,patient,P_40967,P157
40980,patient,P_40980,P158
41444,patient,P_41444,P159
41617,patient,P_41617,P160
41628,patient,P_41628,P161
41871,patient,P_41871,P162
41883,patient,P_41883,P163
41930,patient,P_41930,P164
42003,patient,P_42003,P165
42086,patient,P_42086,P166
42385,patient,P_42385,P167
42579,patient,P_42579,P168
44001,patient,P_44001,P169
44154,patient,P_44154,P170
44682,patient,P_44682,P171
44789,patient,P_44789,P172
45161,patient,P_45161,P173
45181,patient,P_45181,P174
45662,patient,P_45662,P175
46837,patient,P_46837,P176
47103,patient,P_47103,P177
47171,patient,P_47171,P178
47513,patient,P_47513,P179
47881,patient,P_47881,P180
48780,patient,P_48780,P181
48928,patient,P_48928,P182
49239,patient,P_49239,P183
49672,patient,P_49672,P184
49683,patient,P_49683,P185
49995,patient,P_49995,P186
50611,patient,P_50611,P187
50907,patient,P_50907,P188
51243,patient,P_51243,P189
51708,patient,P_51708,P190
51846,patient,P_51846,P191
51879,patient,P_51879,P192
51893,patient,P_51893,P193
51899,patient,P_51899,P194
52119,patient,P_52119,P195
52266,patient,P_52266,P196
52998,patient,P_52998,P197
53103,patient,P_53103,P198
54095,patient,P_54095,P199
54406,patient,P_54406,P200
54979,patient,P_54979,P201
55096,patient,P_55096,P202
55240,patient,P_55240,P203
55256,patient,P_55256,P204
55302,patient,P_55302,P205
55662,patient,P_55662,P206
56073,patient,P_56073,P207
56075,patient,P_56075,P208
56119,patient,P_56119,P209
56317,patient,P_56317,P210
56538,patient,P_56538,P211
56675,patient,P_56675,P212
56691,patient,P_56691,P213
56727,patient,P_56727,P214
57009,patient,P_57009,P215
57108,patient,P_57108,P216
57321,patient,P_57321,P217
57416,patient,P_57416,P218
57468,patient,P_57468,P219
57478,patient,P_57478,P220
57507,patient,P_57507,P221
57646,patient,P_57646,P222
58189,patient,P_58189,P223
58270,patient,P_58270,P224
58597,patient,P_58597,P225
58648,patient,P_58648,P226
58653,patient,P_58653,P227
58674,patient,P_58674,P228
58823,patient,P_58823,P229
59550,patient,P_59550,P230
59574,patient,P_59574,P231
60170,patient,P_60170,P232
60326,patient,P_60326,P233
60443,patient,P_60443,P234
60788,patient,P_60788,P235
60803,patient,P_60803,P236
61503,patient,P_61503,P237
61974,patient,P_61974,P238
62329,patient,P_62329,P239
62437,patient,P_62437,P240
62723,patient,P_62723,P241
62732,patient,P_62732,P242
62792,patient,P_62792,P243
63875,patient,P_63875,P244
63889,patient,P_63889,P245
64669,patient,P_64669,P246
64674,patient,P_64674,P247
65043,patient,P_65043,P248
12,doctor,D_12,D12
122,admin,A_122,Admin122
